{"colors":[],"metadata":{"colors":0,"version":3,"vertices":44,"uvs":1,"materials":1,"type":"Geometry","normals":21,"generator":"io_three","faces":57},"vertices":[-0.5,1,3.5,-0.5,2,3.5,-0.5,2,-0.5,-0.5,1,-0.5,-3.5,1,-1.5,-3.5,2,-1.5,-3.5,2,-2.5,-3.5,1,-2.5,-1.5,1,-0.5,-1.5,2,-0.5,-1.5,2,-1.5,-1.5,1,-1.5,-0.5,3,-0.5,-0.5,3,-1.5,-0.5,2,-1.5,-1.5,3,-1.5,-1.5,3,-2.5,-1.5,2,-2.5,-0.5,1,-2.5,-0.5,2,-2.5,-0.5,2,-3.5,-0.5,1,-3.5,0.5,1,3.5,0.5,2,3.5,0.5,1,-0.5,0.5,2,-0.5,3.5,1,-1.5,3.5,1,-2.5,3.5,2,-2.5,3.5,2,-1.5,1.5,1,-0.5,1.5,1,-1.5,1.5,2,-1.5,1.5,2,-0.5,1.5,2,-2.5,1.5,3,-2.5,1.5,3,-1.5,0.5,2,-1.5,0.5,3,-1.5,0.5,3,-0.5,0.5,1,-2.5,0.5,1,-3.5,0.5,2,-3.5,0.5,2,-2.5],"uvs":[[0.380339,0.836631,0.285254,0.836631,0.285254,0.654813,0.380339,0.654813,0.809831,0,0.904915,0,0.904915,0.363636,0.809831,0.363636,1,0.636364,0.904915,0.636364,0.904915,0.545455,1,0.545455,0.475423,0.836631,0.380339,0.836631,0.380339,0.745722,0.475423,0.745722,0.190169,0.92754,0.095085,0.92754,0.095085,0.836631,0.190169,0.836631,0.285254,0.92754,0.190169,0.92754,0.190169,0.836631,0.285254,0.836631,0.475423,0.745722,0.380339,0.745722,0.475423,0.654813,0.904915,0.363636,0.904915,0.727273,0.809831,0.727273,0.809831,0.363636,0.904915,0.818182,0.904915,0.727273,1,0.727273,1,0.818182,1,0.636364,1,0.727273,0.904915,0.727273,0.904915,0.636364,1,0.363636,1,0.454545,0.904915,0.454545,0.904915,0.818182,1,0.909091,0.904915,0.909091,0.475423,0.836631,0.475423,0.92754,0.380339,0.92754,0.380339,0.836631,0.809831,0.818182,0.809831,0.727273,0.904915,0.727273,0.095085,0.92754,0,0.92754,0,0.836631,0.095085,0.836631,0.570508,0.836631,0.475423,0.836631,0.475423,0.745722,0.570508,0.745722,0.904915,0.909091,0.809831,0.909091,0.904915,0.818182,0.570508,0.745722,0.475423,0.745722,0.475423,0.654813,0.570508,0.654813,0.904915,0.545455,0.095085,0.836631,0.095085,0.654813,0.190169,0.654813,0.190169,0.836631,0.714746,0.454545,0.619661,0.454545,0.619661,0.181818,0.714746,0.181818,0.714746,0,0.809831,0,0.809831,0.272727,0.714746,0.272727,0.714746,0.363636,0.809831,0.363636,0.80983,0.636364,0.714746,0.636364,0,0.654813,0.095085,0.654813,0.095085,0.836631,0,0.836631,0.285254,0.92754,0.285254,0.836631,0.380339,0.836631,0.380339,0.92754,0.285254,0.654813,0.19017,0.836631,0.190169,0.654813,0,0.327406,0.244603,0.187089,0.195683,0.109135,0.277217,0.062363,0.326138,0.140317,0.570741,0,0.619661,0.077954,0.456593,0.171499,0.505513,0.249452,0.423979,0.296225,0.619661,0.60804,0.538127,0.654813,0.342444,0.342997,0.26091,0.389769,0.211989,0.311815,0.048921,0.40536,0.904915,0.363636,0.904915,0,1,0,1,0.363636,0.714746,1,0.714746,0.909091,0.80983,0.909091,0.80983,1,0.619661,0.909091,0.714746,1,0.619661,1,0.619661,0.818182,0.619661,0.727273,0.714746,0.727273,0.714746,0.636364,0.80983,0.636364,0.80983,0.909091,0.714746,0.909091,0.714746,0.818182,0.475423,0.836631,0.570508,0.836631,0.570508,0.92754,0.475423,0.92754]],"normals":[-0,1,0,-1,0,0,1,0,0,0,0,1,0,0,1,0,0,1,-0,-0,-1,0,0,-1,-0,-0,-1,0,-0,-1,0,-0,-1,-0,0,-1,0,1,-0,0,-1,0,0,-1,0,0,-1,0,0,-1,0,-0,-1,0,0,1,-0,0,1,-0,0,1,0],"materials":[{"wireframe":false,"mapDiffuseWrap":["repeat","repeat"],"colorDiffuse":[0.64,0.64,0.64],"mapDiffuse":"assault.png","opacity":1,"depthWrite":true,"vertexColors":false,"depthTest":true,"specularCoef":50,"colorEmissive":[0,0,0],"colorSpecular":[0.5,0.5,0.5],"mapDiffuseRepeat":[1,1],"mapDiffuseAnisotropy":1,"shading":"phong","transparent":false,"DbgIndex":0,"doubleSided":false,"DbgColor":15658734,"blending":"NormalBlending","DbgName":"\u30de\u30c6\u30ea\u30a2\u30eb","visible":true}],"faces":[43,29,28,34,32,0,0,1,2,3,0,0,0,0,43,0,1,2,3,0,6,7,4,5,1,1,1,1,43,4,5,6,7,0,8,9,10,11,1,1,1,1,43,8,9,10,11,0,12,13,14,15,1,1,1,1,43,2,12,13,14,0,16,17,18,19,1,1,1,1,43,10,15,16,17,0,20,21,22,23,1,1,1,1,43,18,19,20,21,0,24,25,3,26,1,1,1,1,43,22,24,25,23,0,27,28,29,30,2,2,2,2,43,26,27,28,29,0,31,32,33,34,2,2,2,2,43,30,31,32,33,0,35,36,37,38,2,2,2,2,43,32,34,35,36,0,39,40,41,6,2,2,2,2,43,25,37,38,39,0,42,34,43,44,2,2,2,2,43,40,41,42,43,0,45,46,47,48,2,2,2,2,43,0,22,23,1,0,42,49,50,51,3,3,3,3,43,8,3,2,9,0,52,53,54,55,3,3,3,3,43,24,30,33,25,0,56,57,58,59,3,3,3,3,43,37,32,36,38,0,60,61,49,62,3,3,3,3,43,2,25,39,12,0,63,64,65,66,4,4,4,4,43,10,14,13,15,0,11,67,41,40,3,3,3,3,43,31,26,29,32,0,68,69,70,71,5,5,5,5,42,17,16,35,0,72,73,74,6,6,6,42,34,28,27,0,75,76,77,7,7,7,42,7,6,17,0,82,83,72,8,8,8,42,19,18,7,0,80,81,82,7,7,7,42,27,40,43,0,77,78,79,7,7,7,42,19,7,17,0,80,82,72,9,9,9,42,34,27,43,0,75,77,79,7,7,7,42,19,17,35,0,80,72,74,10,10,10,42,35,34,43,0,74,75,79,10,10,10,42,35,43,19,0,74,79,80,10,10,10,43,11,10,5,4,0,84,85,86,87,5,5,5,5,43,21,20,42,41,0,88,89,90,91,11,11,11,11,43,5,10,17,6,0,92,1,93,94,12,12,12,12,42,4,7,18,0,110,95,96,13,13,13,42,18,21,41,0,96,97,98,13,13,13,42,40,27,26,0,99,100,101,13,13,13,42,18,41,40,0,96,98,99,13,13,13,42,11,4,18,0,109,110,96,13,13,13,42,3,8,11,0,107,108,109,14,14,14,42,22,0,3,0,105,106,107,15,15,15,42,31,30,24,0,102,103,104,14,14,14,42,24,22,3,0,104,105,107,15,15,15,42,3,11,18,0,107,109,96,16,16,16,42,18,40,26,0,96,99,101,13,13,13,42,31,24,3,0,102,104,107,14,14,14,42,18,26,31,0,96,101,102,13,13,13,42,18,31,3,0,96,102,107,17,17,17,43,23,25,2,1,0,111,112,113,114,18,18,18,18,43,9,2,14,10,0,115,116,117,118,19,19,19,19,43,25,33,32,37,0,119,116,120,121,19,19,19,19,42,13,12,39,0,129,122,123,20,20,20,42,38,36,35,0,124,125,126,12,12,12,42,13,39,38,0,129,123,124,12,12,12,42,16,15,13,0,127,128,129,20,20,20,42,38,35,16,0,124,126,127,12,12,12,42,38,16,13,0,124,127,129,0,0,0,43,19,43,42,20,0,130,131,132,133,12,12,12,12]}