{"materials":[{"DbgIndex":0,"depthWrite":true,"wireframe":false,"colorSpecular":[0,0,0],"vertexColors":false,"DbgColor":15658734,"depthTest":true,"mapDiffuse":"enem-1.png","specularCoef":50,"transparent":false,"blending":"NormalBlending","shading":"phong","visible":true,"opacity":1,"mapDiffuseWrap":["RepeatWrapping","RepeatWrapping"],"mapDiffuseAnisotropy":1,"mapDiffuseRepeat":[1,1],"DbgName":"palette","colorEmissive":[0,0,0]}],"metadata":{"uvs":1,"colors":0,"faces":84,"type":"Geometry","version":3,"materials":1,"normals":10,"generator":"io_three","vertices":128},"uvs":[[0.994141,0.5,0.958984,0.5,0.869141,0.5]],"normals":[-1,0,0,-0.999969,0,0,1,0,0,0.999969,0,0,0,0,1,0,0,0.999969,0,0,-1,0,0,-0.999969,0,-1,0,0,1,0],"colors":[],"name":"enem-1Geometry","faces":[42,0,1,2,0,0,0,0,0,1,0,42,3,1,0,0,0,0,0,1,1,0,42,4,5,6,0,0,0,0,0,0,0,42,7,5,4,0,0,0,0,0,0,0,42,8,9,10,0,1,1,1,0,0,0,42,11,9,8,0,1,1,1,0,0,0,42,12,11,8,0,0,0,0,0,0,0,42,13,11,12,0,0,0,0,0,0,0,42,14,15,16,0,2,2,2,0,0,1,42,17,15,14,0,2,2,2,1,0,0,42,18,19,20,0,0,0,0,1,1,0,42,21,19,18,0,0,0,0,0,1,1,42,22,23,24,0,0,0,0,2,3,3,42,24,23,25,0,0,0,0,3,3,2,42,26,27,28,0,1,1,1,2,2,2,42,28,27,29,0,1,1,1,2,2,2,42,28,29,30,0,0,0,0,2,2,2,42,30,29,31,0,0,0,0,2,2,2,42,32,33,34,0,2,2,2,3,2,2,42,34,33,35,0,2,2,2,2,2,3,42,36,37,38,0,0,0,0,2,2,2,42,38,37,39,0,0,0,0,2,2,2,42,40,41,42,0,0,0,0,2,3,2,42,42,41,43,0,0,0,0,2,3,3,42,44,45,46,0,0,0,0,4,4,4,42,47,45,44,0,0,0,0,4,4,4,42,48,49,50,0,0,0,0,4,4,4,42,51,49,48,0,0,0,0,4,4,4,42,52,53,54,0,0,0,0,4,4,4,42,55,53,52,0,0,0,0,4,4,4,42,56,57,58,0,1,1,1,4,4,4,42,59,52,57,0,0,0,0,5,4,4,42,59,57,56,0,1,1,1,5,4,4,42,59,55,52,0,0,0,0,5,4,4,42,60,55,59,0,0,0,0,4,4,5,42,61,62,55,0,2,2,2,4,4,4,42,61,55,60,0,0,0,0,4,4,4,42,63,62,61,0,2,2,2,4,4,4,42,64,61,60,0,0,0,0,4,4,4,42,65,61,64,0,0,0,0,4,4,4,42,66,67,68,0,0,0,0,4,4,4,42,69,67,66,0,0,0,0,4,4,4,42,70,71,72,0,0,0,0,4,4,4,42,73,71,70,0,0,0,0,4,4,4,42,74,75,76,0,0,0,0,6,7,6,42,76,75,77,0,0,0,0,6,7,6,42,78,79,80,0,1,1,1,6,6,6,42,79,76,81,0,0,0,0,6,6,6,42,80,79,81,0,1,1,1,6,6,6,42,76,77,81,0,0,0,0,6,6,6,42,81,77,82,0,0,0,0,6,6,6,42,77,83,84,0,2,2,2,6,6,6,42,82,77,84,0,0,0,0,6,6,6,42,84,83,85,0,2,2,2,6,6,6,42,82,84,86,0,0,0,0,6,6,7,42,86,84,87,0,0,0,0,7,6,6,42,88,89,90,0,1,1,1,8,8,8,42,91,89,88,0,1,1,1,8,8,8,42,92,93,94,0,0,0,0,8,8,8,42,95,96,97,0,0,0,0,8,8,8,42,98,99,92,0,0,0,0,8,8,8,42,98,92,94,0,0,0,0,8,8,8,42,100,95,101,0,0,0,0,8,8,8,42,100,96,95,0,0,0,0,8,8,8,42,102,98,103,0,0,0,0,8,8,8,42,104,99,98,0,0,0,0,8,8,8,42,104,98,102,0,0,0,0,8,8,8,42,105,106,100,0,0,0,0,8,8,8,42,105,100,101,0,0,0,0,8,8,8,42,107,106,105,0,0,0,0,8,8,8,42,108,109,110,0,0,0,0,9,9,9,42,111,112,113,0,0,0,0,9,9,9,42,110,114,115,0,0,0,0,9,9,9,42,108,110,115,0,0,0,0,9,9,9,42,116,113,117,0,0,0,0,9,9,9,42,113,112,117,0,0,0,0,9,9,9,42,118,115,119,0,0,0,0,9,9,9,42,115,114,120,0,0,0,0,9,9,9,42,119,115,120,0,0,0,0,9,9,9,42,117,121,122,0,0,0,0,9,9,9,42,116,117,122,0,0,0,0,9,9,9,42,122,121,123,0,0,0,0,9,9,9,42,124,125,126,0,2,2,2,9,9,9,42,126,125,127,0,2,2,2,9,9,9],"vertices":[-4,4,-0.5,-4,3,-1.5,-4,3,-0.5,-4,4,-1.5,-3,4,1.5,-3,3,-0.5,-3,3,1.5,-3,4,-0.5,-1,2,0.5,-1,0,-1.5,-1,-0,0.5,-1,2,-1.5,-1,3,0.5,-1,3,-1.5,-1,5,0.500001,-1,4,-1.5,-1,4,0.5,-1,5,-1.5,2,4,1.5,2,3,0.5,2,3,1.5,2,4,0.5,-2,3,1.5,-2,3,0.5,-2,4,1.5,-2,4,0.5,1,-0,0.5,1,0,-1.5,1,2,0.5,1,2,-1.5,1,3,0.5,1,3,-1.5,1,4,0.5,1,4,-1.5,1,5,0.500001,1,5,-1.5,3,3,1.5,3,3,-0.5,3,4,1.5,3,4,-0.5,4,3,-0.5,4,3,-1.5,4,4,-0.5,4,4,-1.5,-2,3,1.5,-3,4,1.5,-3,3,1.5,-2,4,1.5,3,3,1.5,2,4,1.5,2,3,1.5,3,4,1.5,-1,3,0.5,-2,4,0.5,-2,3,0.5,-1,4,0.5,1,-0,0.5,-1,2,0.5,-1,-0,0.5,1,2,0.5,1,3,0.5,1,4,0.5,-1,5,0.500001,1,5,0.500001,2,3,0.5,2,4,0.5,-3,3,-0.5,-4,4,-0.5,-4,3,-0.5,-3,4,-0.5,4,3,-0.5,3,4,-0.5,3,3,-0.5,4,4,-0.5,-4,3,-1.5,-4,4,-1.5,-1,3,-1.5,-1,4,-1.5,-1,0,-1.5,-1,2,-1.5,1,0,-1.5,1,2,-1.5,1,3,-1.5,-1,5,-1.5,1,4,-1.5,1,5,-1.5,4,3,-1.5,4,4,-1.5,-1,0,-1.5,1,-0,0.5,-1,-0,0.5,1,0,-1.5,-2,3,0.5,-2,3,1.5,-3,3,1.5,2,3,0.5,3,3,1.5,2,3,1.5,-3,3,-0.5,-1,3,0.5,3,3,-0.5,1,3,0.5,-4,3,-1.5,-4,3,-0.5,-1,3,-1.5,1,3,-1.5,4,3,-0.5,4,3,-1.5,-3,4,1.5,-2,4,1.5,-2,4,0.5,2,4,1.5,3,4,1.5,2,4,0.5,-1,4,0.5,-3,4,-0.5,1,4,0.5,3,4,-0.5,-4,4,-0.5,-4,4,-1.5,-1,4,-1.5,4,4,-0.5,1,4,-1.5,4,4,-1.5,-1,5,0.500001,1,5,0.500001,-1,5,-1.5,1,5,-1.5]}